email,first name,last name,sid,section_name,crn,mean,mean_ica,mean_quiz,mean_hw,mean_mini project 1,mean_mini project 2,letter,hw1,hw2,hw3,hw4,hw5,hw6,hw7,hw8,hw9,ica 2 (jan20-21),ica 3 (jan24-25),ica 4 (jan27-28),ica 5 (jan31-feb1),ica 6(feb3-4),ica 7(feb7-8),ica 8(feb10-11),ica 9(feb14-15),prof. matt - ica 1,quiz1_02,quiz2_02,quiz3_02,quiz4_02,section 2/3 - ica 11 (feb22),section 2/3 - ica 12 (feb25),section 2/3 - ica 13 (mar1),section 2/3 - ica 14 (mar8),section 2/3 - ica 15 (mar22),section 2/3 - ica 16 (mar25),section 2/3 - ica 17 (mar29),section 2/3 - ica 18 (apr5),section 2/3 - ica 19 (apr8),section 2/3 - ica 20 (apr12),section 2/3 - ica 21 (apr15),section 2/3 - ica 22 (apr19),section 2/3 - mini project 2,section 2/3 mini project 1
student0@northeastern.edu,first0,last0,000123456,cs2810-34240-mathematics-of-data-models-sec-02-spring-2022,34240,0.921930438635357,1,0.874692874692875,0.954918032786885,1,0.9,A-,1.01,0.86,0.94,0.961538461538462,0.976744186046512,0.97,0.985,0.9,1,1,0,1,1,1,1,1,1,1,0.85,0.89,0.850467289719626,0.91,1,1,1,1,1,1,0,1,1,1,0,1,0.9,1
student1@northeastern.edu,first1,last1,000123457,cs2810-34240-mathematics-of-data-models-sec-02-spring-2022,34240,0.877024086679824,0.5,0.891891891891892,0.905737704918033,0.954545454545455,0.9,B+,0.89,0.87,0.93,0.974358974358974,0.930232558139535,0.75,0.955,0.89,0.988888888888889,0,1,0,0,0,1,1,1,0,0.84,0.97,0.85981308411215,0.9,0,1,1,0,0.5,0,0,1,1,0,0,0,0.9,0.954545454545455
student2@northeastern.edu,first2,last2,000123458,cs2810-34240-mathematics-of-data-models-sec-02-spring-2022,34240,0.744244290490192,1,0.554054054054054,0.872092115534738,0.954545454545455,0.9,C,0.81,0.79,0.89,0.903846153846154,0.930232558139535,0.95,0.9,0.855,0.988888888888889,1,0,1,1,1,1,1,1,1,0.73,0.51,0.551401869158878,0.425,1,0,1,1,1,1,1,1,1,0.5,1,1,0.9,0.954545454545455
